m,pi-_pi0,pi-_2pi0,2pi-_pi+,2pi-_pi+_pi0,pi-_3pi0,eta_pi-_pi0,K_K,K_K_pi,5pi,other
0.3,0,0,0,0,0,0,0,0,0,0
0.305,0,0,0,0,0,0,0,0,0,0
0.31,0,0,0,0,0,0,0,0,0,0
0.315,0,0,0,0,0,0,0,0,0,0
0.32,0,0,0,0,0,0,0,0,0,0
0.325,0,0,0,0,0,0,0,0,0,0
0.33,0,0,0,0,0,0,0,0,0,0
0.335,0,0,0,0,0,0,0,0,0,0
0.34,0,0,0,0,0,0,0,0,0,0
0.345,0,0,0,0,0,0,0,0,0,0
0.35,0,0,0,0,0,0,0,0,0,0
0.355,0,0,0,0,0,0,0,0,0,0
0.36,0,0,0,0,0,0,0,0,0,0
0.365,0,0,0,0,0,0,0,0,0,0
0.37,0,0,0,0,0,0,0,0,0,0
0.375,0,0,0,0,0,0,0,0,0,0
0.38,0,0,0,0,0,0,0,0,0,0
0.385,0,0,0,0,0,0,0,0,0,0
0.39,0,0,0,0,0,0,0,0,0,0
0.395,0,0,0,0,0,0,0,0,0,0
0.4,0,0,0,0,0,0,0,0,0,0
0.405,0,0,0,0,0,0,0,0,0,0
0.41,0,0,0,0,0,0,0,0,0,0
0.415,0,0,0,0,0,0,0,0,0,0
0.42,0,0,0,0,0,0,0,0,0,0
0.425,0,0,0,0,0,0,0,0,0,0
0.43,0,0,0,0,0,0,0,0,0,0
0.435,0,1,0,0,0,0,0,0,0,0
0.44,0,1,0,0,0,0,0,0,0,0
0.445,0,1,0,0,0,0,0,0,0,0
0.45,0,1,0,0,0,0,0,0,0,0
0.455,0,1,0,0,0,0,0,0,0,0
0.46,0,1,0,0,0,0,0,0,0,0
0.465,0,0.6676568238,0.3323431762,0,0,0,0,0,0,0
0.47,0,0.4434505981,0.5565494019,0,0,0,0,0,0,0
0.475,0,0.3099098164,0.6900901836,0,0,0,0,0,0,0
0.48,0,0.2213008404,0.7786991596,0,0,0,0,0,0,0
0.485,0,0.1582211993,0.8417788007,0,0,0,0,0,0,0
0.49,0,0.3387906946,0.6612093054,0,0,0,0,0,0,0
0.495,0,0.5530909932,0.4469090068,0,0,0,0,0,0,0
0.5,0,0.671459554,0.328540446,0,0,0,0,0,0,0
0.505,0,0.7465219603,0.2534780397,0,0,0,0,0,0,0
0.51,0,0.7983624159,0.2016375841,0,0,0,0,0,0,0
0.515,0,0.7501799131,0.2498200869,0,0,0,0,0,0,0
0.52,0,0.6384503048,0.3615496952,0,0,0,0,0,0,0
0.525,0,0.5429913193,0.4570086807,0,0,0,0,0,0,0
0.53,0,0.4605006256,0.5394993744,0,0,0,0,0,0,0
0.535,0,0.3885127443,0.6114872557,0,0,0,0,0,0,0
0.54,0,0.534348172,0.465651828,0,0,0,0,0,0,0
0.545,0,0.6465766053,0.3534233947,0,0,0,0,0,0,0
0.55,0,0.7114559046,0.2885440954,0,0,0,0,0,0,0
0.555,0,0.7537266363,0.2462733637,0,0,0,0,0,0,0
0.56,0,0.7785265471,0.2214734529,0,0,0,0,0,0,0
0.565,0,0.7795370977,0.2204629023,0,0,0,0,0,0,0
0.57,0,0.7805165098,0.2194834902,0,0,0,0,0,0,0
0.575,0,0.7814660921,0.2185339079,0,0,0,0,0,0,0
0.58,0,0.782387083,0.217612917,0,0,0,0,0,0,0
0.585,0,0.7699944323,0.2300055677,0,0,0,0,0,0,0
0.59,0,0.7552880901,0.2447119099,0,0,0,0,0,0,0
0.595,0,0.7413935998,0.2586064002,0,0,0,0,0,0,0
0.6,0,0.7282469072,0.2717530928,0,0,0,0,0,0,0
0.605,0,0.720016895,0.279983105,0,0,0,0,0,0,0
0.61,0,0.7147073432,0.2852926568,0,0,0,0,0,0,0
0.615,0,0.7090891526,0.2909108474,0,0,0,0,0,0,0
0.62,0,0.7031352194,0.2968647806,0,0,0,0,0,0,0
0.625,0,0.7380178348,0.2619821652,0,0,0,0,0,0,0
0.63,0,0.7787367306,0.2212632694,0,0,0,0,0,0,0
0.635,0,0.8002563666,0.1997436334,0,0,0,0,0,0,0
0.64,0,0.8135640792,0.1864359208,0,0,0,0,0,0,0
0.645,0,0.809029913,0.190970087,0,0,0,0,0,0,0
0.65,0,0.7931226861,0.2068773139,0,0,0,0,0,0,0
0.655,0,0.7778989167,0.2221010833,0,0,0,0,0,0,0
0.66,0,0.7633167413,0.2366832587,0,0,0,0,0,0,0
0.665,0,0.7284221617,0.2715778383,0,0,0,0,0,0,0
0.67,0,0.6807352367,0.3192647633,0,0,0,0,0,0,0
0.675,0,0.6269788123,0.3730211877,0,0,0,0,0,0,0
0.68,0,0.5659207693,0.4340792307,0,0,0,0,0,1.767256095e-17,0
0.685,0,0.554470982,0.445529018,0,0,0,0,0,2.169751853e-12,0
0.69,0,0.5467918703,0.4532081297,0,0,0,0,0,4.683811802e-11,0
0.695,0,0.5410039175,0.4589960821,0,0,0,0,0,4.403928431e-10,0
0.7,0,0.5333039984,0.4664169449,0.0002790531216,0,0,0,0,3.639111644e-09,0
0.705,0,0.5208492714,0.4781288218,0.001021888259,0,0,0,0,1.847334586e-08,0
0.71,0,0.5092471233,0.4890389406,0.001713872169,0,0,0,0,6.392026597e-08,0
0.715,0,0.4984136738,0.499226147,0.002360006664,0,0,0,0,1.725611164e-07,0
0.72,0,0.5421068325,0.4555621677,0.002330617821,0,0,0,0,3.819707065e-07,0
0.725,0,0.5913070401,0.4065128906,0.002179323747,0,0,0,0,7.455843953e-07,0
0.73,0,0.6347893519,0.3631637056,0.002045611546,0,0,0,0,1.330923091e-06,0
0.735,0,0.6464680242,0.3510852308,0.002444518052,0,0,0,0,2.226948384e-06,0
0.74,0,0.6130057939,0.3833379972,0.003652657977,0,0,0,0,3.55088854e-06,0
0.745,0,0.5821899685,0.4130393894,0.004765234108,0,0,0,0,5.407999072e-06,0
0.75,0,0.5537203167,0.4404786714,0.005793083104,0,0,0,0,7.928820165e-06,0
0.755,0,0.5545504942,0.4398366437,0.005602005377,0,0,0,0,1.085667219e-05,0
0.76,0,0.5552698515,0.4392793448,0.005436284968,0,0,0,0,1.451877178e-05,0
0.765,0,0.555898903,0.4387908778,0.005291195309,0,0,0,0,1.902392204e-05,0
0.77,0,0.5342782821,0.4602623164,0.005435751969,0,0,0,0,2.364950846e-05,0
0.775,0,0.5083050899,0.4860108791,0.005655328221,0,0,0,0,2.870270042e-05,0
0.78,0,0.4868516935,0.5072770659,0.005836677526,0,0,0,0,3.45631363e-05,0
0.785,0,0.4788121872,0.5156514235,0.005495124726,0,0,0,0,4.126459901e-05,0
0.79,0,0.4821555721,0.5130938732,0.004701686042,0,0,0,0,4.886863263e-05,0
0.795,0,0.4850259363,0.5108963146,0.004020252916,0,0,0,0,5.749610648e-05,0
0.8,0,0.4890414212,0.5071301256,0.00376062873,0,0,0,0,6.782450742e-05,0
0.805,0,0.4959398207,0.4997456825,0.004233546551,0,0,0,0,8.095025592e-05,0
0.81,0,0.5023465374,0.4928847789,0.004672837659,0,0,0,0,9.584602409e-05,0
0.815,0,0.5143139301,0.4806310073,0.00494279113,0,0,0,0,0.0001122713982,0
0.82,0,0.5464750636,0.4486970991,0.004698747912,0,0,0,0,0.0001290894397,0
0.825,0,0.5756957698,0.4196795637,0.004476987807,0,0,0,0,0.0001476787057,0
0.83,0,0.5986946086,0.3968108833,0.004326679873,0,0,0,0,0.0001678281488,0
0.835,0,0.6024210371,0.3929573696,0.004433366431,0,0,0,0,0.0001882268758,0
0.84,0,0.6057760215,0.3894840804,0.004529467681,0,0,0,0,0.000210430458,0
0.845,0,0.6042709302,0.390718779,0.004778310342,0,0,0,0,0.0002319805116,0
0.85,0,0.5845744728,0.4095352704,0.005646373718,0,0,0,0,0.000243883016,0
0.855,0,0.5683473728,0.4250336573,0.00636141385,0,0,0,0,0.0002575560132,0
0.86,0,0.550579378,0.4424836764,0.006668667927,0,0,0,0,0.0002682776668,0
0.865,0,0.5255687896,0.4680254053,0.00613768025,0,0,0,0,0.000268124893,0
0.87,0,0.5062871258,0.4877131107,0.005728337762,0,0,0,0,0.0002714257857,0
0.875,0,0.4949644569,0.4994990309,0.005254920415,0,0,0,0,0.0002815917602,0
0.88,0,0.4921156984,0.5029893345,0.004593970571,0,0,0,0,0.0003009965455,0
0.885,0,0.4895780619,0.5060946441,0.00400558237,0,0,0,0,0.0003217116519,0
0.89,0,0.4817878837,0.5134728816,0.004398473316,0,0,0,0,0.0003407613209,0
0.895,0,0.4701671463,0.5239350548,0.0055394194,0,0,0,0,0.0003583794982,0
0.9,0,0.4599454269,0.533134406,0.006542828036,0,0,0,0,0.0003773390839,0
0.905,0,0.4444896481,0.5487322322,0.006379841891,0,0,0,0,0.0003982778446,0
0.91,0,0.4283111867,0.565418145,0.005849887217,0,0,0,0,0.0004207810939,0
0.915,0,0.4137271113,0.5804560977,0.005372188484,0,0,0,0,0.0004446025115,0
0.92,0,0.4350221119,0.553731421,0.01078349264,0,0,0,0,0.0004629744374,0
0.925,0,0.4548593573,0.5289175453,0.01574055245,0,0,0,0,0.0004825449186,0
0.93,0,0.4690546765,0.511736533,0.01870863237,0,0,0,0,0.0005001581414,0
0.935,0,0.4722180013,0.5098074281,0.01746447371,0,0,0,0,0.000510096907,0
0.94,0,0.4749442552,0.5081422053,0.01639154099,0,0,0,0,0.0005219984918,0
0.945,0,0.4800330919,0.4989190997,0.02050182361,0,0,0,0,0.0005459847996,0
0.95,0,0.4866273239,0.4849725341,0.02782138577,0,0,0,0,0.0005787562825,0
0.955,0,0.4928145114,0.4718816137,0.03469090348,0,0,0,0,0.0006129714285,0
0.96,0,0.4907586179,0.475431084,0.03316353011,0,0,0,0,0.0006467679929,0
0.965,0,0.4884337426,0.4795549104,0.0313294673,0,0,0,0,0.0006818796439,0
0.97,0,0.48541822,0.4842345811,0.02962568693,0,0,0,0,0.0007215119861,0
0.975,0,0.4810173627,0.4901846008,0.02802932615,0,0,0,0,0.0007687103376,0
0.98,0,0.4767741359,0.495917156,0.02649070211,0,0,0,0,0.0008180060033,0
0.985,0,0.466421125,0.5035145724,0.0292151894,0,0,0,0,0.0008491132176,0
0.99,0,0.4553454052,0.5109980906,0.03278027353,0,0,0,0,0.0008762305902,0
0.995,0,0.4487785848,0.5149410728,0.03536937272,0,0,0,0,0.000910969688,0
1.0,0,0.4528988268,0.5102572213,0.03587817459,0,0,0,0,0.0009657773123,0
1.005,0,0.4568851337,0.5057215382,0.036370517,0,0,0,0,0.001022811093,0
1.01,0,0.4644594465,0.4971611379,0.03728034181,0,0,0,0,0.001099073734,0
1.015,0,0.4733025113,0.4871735917,0.03833826566,0,0,0,0,0.001185631388,0
1.02,0,0.4775063765,0.4812908488,0.03993115983,0,0,0,0,0.001271614852,0
1.025,0,0.4699780276,0.4858699759,0.04280536186,0,0,0,0,0.001346634639,0
1.03,0,0.4626172971,0.4903435179,0.04561452433,0,0,0,0,0.001424660644,0
1.035,0,0.4600267332,0.4961956753,0.04230544273,0,0,0,0,0.001472148823,0
1.04,0,0.4584086961,0.5019036187,0.03817241343,0,0,0,0,0.001515271761,0
1.045,0,0.4577903719,0.5016838622,0.03895650317,0,0,0,0,0.001569262739,0
1.05,0,0.4583450645,0.4943572295,0.0456605357,0,0,0,0,0.001637170267,0
1.055,0,0.4586753852,0.4874571126,0.05215955603,0,0,0,0,0.001707946216,0
1.06,0,0.4552256912,0.4831747035,0.05980215635,0,0,0,0,0.001797448915,0
1.065,0,0.4518458733,0.4789794502,0.06728457296,0,0,0,0,0.001890103614,0
1.07,0,0.4517186846,0.4801695128,0.0660724687,0,0,0,0,0.002039333901,0
1.075,0,0.4530759099,0.4838956365,0.0608024873,0,0,0,0,0.002225966234,0
1.08,0,0.4580881586,0.4822702202,0.05725709543,0,0,0,0,0.002384525855,0
1.085,0,0.469109325,0.4712099327,0.0572101162,0,0,0,0,0.002470626037,0
1.09,0,0.4782502478,0.4619348059,0.05725135282,0,0,0,0,0.002563593484,0
1.095,0,0.4628001204,0.4756595349,0.05879774932,0,0,0,0,0.002742595398,0
1.1,0,0.4469809417,0.4897064223,0.06038041083,0,0,0,0,0.002932225176,0
1.105,0,0.4432469678,0.4853997074,0.06825802661,0,0,0,0,0.003095298259,0
1.11,0,0.4423167883,0.4748268032,0.07777052164,0,0,0,0,0.003247531432,0.001838355387
1.115,0,0.4400656863,0.4732609415,0.08054690793,0,0,0,0,0.003415781992,0.002710682306
1.12,0,0.4369067737,0.4805191475,0.07708904558,0,0,0,0,0.003603990302,0.001881042948
1.125,0,0.4362827423,0.4826969236,0.07586203788,0,0,0,0,0.003790810195,0.001367486075
1.13,0,0.4422049531,0.4717323417,0.08040840145,0,0,0,0,0.003959833083,0.001694470622
1.135,0,0.4474709762,0.4613193576,0.08492955228,0,0,0,0,0.004145813729,0.00213430018
1.14,0,0.4441716789,0.4565057759,0.09022067256,0,0,0,0,0.004527555716,0.004574316885
1.145,0,0.4406088105,0.4513053676,0.09594405438,0,0,0,0,0.004949011142,0.00719275639
1.15,0,0.4496127186,0.4431091806,0.09510546657,0,0,0,0,0.005196025583,0.006976608585
1.155,0,0.460386858,0.4346026278,0.09327857992,0,0,0,0,0.005419716439,0.006312217781
1.16,0,0.4629140259,0.4304462487,0.09467131638,0,0,0,0,0.005749267193,0.006219141881
1.165,0,0.4619007162,0.428058955,0.09753604372,0,0,0,0,0.006143260487,0.006361024586
1.17,0,0.4556839204,0.4306464557,0.09979566697,0,0,0,0,0.006466175267,0.007407781635
1.175,0,0.4453104866,0.4373266877,0.101468768,0,0,0,0,0.006720115542,0.009173942113
1.18,0,0.4375679308,0.4428101679,0.1024738765,0,0,0,0,0.007000531405,0.01014749341
1.185,0,0.4333592894,0.4467128045,0.1025656637,0,0,0,0,0.007318104956,0.01004413739
1.19,0,0.4294876626,0.4495434408,0.1033469515,0,0,0,0,0.007684227137,0.009937717967
1.195,0,0.4263123629,0.4499076078,0.1057650099,0,0,0,0,0.008158636436,0.009856382953
1.2,0,0.4230611979,0.4462516339,0.111382076,0,0,0,0,0.008647059692,0.01065803257
1.205,0,0.4198235792,0.4270515185,0.1290662271,0,0,0,0,0.009107916057,0.01495075915
1.21,0,0.4160691866,0.4101088046,0.1452167149,0,0,0,0,0.00960820811,0.01899708575
1.215,0,0.4090605882,0.4101274363,0.1493802429,0,0,0,0,0.01026361999,0.02116811263
1.22,0,0.4031037498,0.4099362661,0.1530022031,0,0,0,0,0.01094620348,0.02301157751
1.225,0,0.4145094185,0.4069922519,0.1472565287,0,0,0,0,0.01141679027,0.01982501063
1.23,0,0.4253348799,0.4042967335,0.1417104481,0,0,0,0,0.01192002474,0.01673791386
1.235,0,0.4174464642,0.4091532994,0.1424379853,0,0,0,0,0.01300650304,0.01795574802
1.24,0,0.4088669515,0.414322934,0.1433427345,0,0,0,0,0.01421061935,0.01925676052
1.245,0,0.411846744,0.396706193,0.1561624498,0,0,0,0,0.01438913653,0.02089547673
1.25,0,0.4146850198,0.3800067178,0.1683273339,0,0,0,0,0.01457450681,0.02240642163
1.255,0,0.4164979344,0.3827439462,0.1634893982,0,0,0,0,0.01600014529,0.02126857593
1.26,0,0.4185065056,0.3857622874,0.1581590104,0,0,0,0,0.01760765119,0.01996454533
1.265,0,0.4162141605,0.3815347003,0.162608716,0,0,0,0,0.01842692111,0.02121550214
1.27,0,0.4141672043,0.3770750326,0.1671102205,0,0,0,0,0.01928013685,0.02236740577
1.275,0,0.4203658085,0.3669729794,0.1709400263,0,0,0,0,0.02020928269,0.02151190315
1.28,0,0.4256568162,0.3579297772,0.1745729666,0,0,0,0,0.02123428279,0.02060615721
1.285,0,0.416658949,0.3657497054,0.1745127069,0,0,0,0,0.02312458103,0.01995405765
1.29,0,0.4073704993,0.3742990942,0.173993731,0,0,0,0,0.02512518749,0.01921148799
1.295,0,0.4020802087,0.3826006046,0.1701575207,0,0,0,0,0.02646799984,0.01869366611
1.3,0,0.3948504893,0.3858408086,0.1701561494,0,0,0,0,0.02613413465,0.023018418
1.305,0,0.3842542874,0.3721051277,0.1820446481,0,0,0,0,0.02065920662,0.04093673015
1.31,0,0.377725175,0.3636375041,0.189389719,0,0,0,0,0.0172945839,0.05195301797
1.315,0,0.3721936004,0.3590607011,0.1951402177,0,0,0,0,0.01592104637,0.05768443447
1.32,0,0.3646839323,0.3575738773,0.2020682959,0,0,0,0,0.01673320456,0.0589406899
1.325,0,0.3569427024,0.3560503173,0.2092271938,0,0,0,0,0.01758622636,0.06019356012
1.33,0,0.3489581636,0.3544883737,0.2166290289,0,0,0,0,0.01848242143,0.06144201237
1.335,0,0.3462878044,0.3519724948,0.2194823161,0,0,0,0,0.01960393848,0.06265344627
1.34,0,0.3483864885,0.3485051091,0.2182755146,0,0,0,0,0.02097074851,0.06386213934
1.345,0,0.3506521963,0.3447978538,0.2169890147,0,0,0,0,0.02245493307,0.06510600216
1.35,0,0.3531044346,0.340823301,0.2156137741,0,0,0,0,0.02407026708,0.06638822312
1.355,0,0.3459201674,0.3317889091,0.2253790341,0,0,0,0,0.02560592267,0.07130596671
1.36,0,0.3360345983,0.321119111,0.2383507663,0,0,0,0,0.02720223716,0.0772932872
1.365,0,0.3255684526,0.3098207215,0.2521163057,0,0,0,0,0.0289160777,0.08357844249
1.37,0,0.3155700246,0.2985117115,0.2653427811,0,0,0,0,0.03070762832,0.08986785447
1.375,0,0.3120666006,0.2909416757,0.2703348029,0,0,0,0,0.03228678049,0.09437014029
1.38,0,0.3084397466,0.2830851838,0.2755395432,0,0,0,0,0.03395269131,0.09898283504
1.385,0,0.3046814625,0.2749237053,0.2809707224,0,0,0,0,0.03571118245,0.1037129274
1.39,0,0.300090271,0.2672021096,0.2858971085,0,0,0,0,0.03767519337,0.1091353176
1.395,0,0.2945964544,0.2598500767,0.290358774,0,0,0,0,0.0398724098,0.1153222852
1.4,0,0.2888113913,0.2521007509,0.2950866656,0,0,0,0,0.04222073639,0.1217804559
1.405,0,0.2827087773,0.2439183809,0.3001043124,0,0,0,0,0.04473390521,0.1285346241
1.41,0,0.2700281337,0.2273857733,0.3116042659,0,0,0,0,0.03895992504,0.1520219021
1.415,0,0.2605224273,0.215000556,0.3202739462,0,0,0,0,0.03435283128,0.1698502393
1.42,0,0.2534087874,0.2057278485,0.3267806461,0,0,0,0,0.03091966784,0.1831630502
1.425,0,0.2478870468,0.1985266277,0.3318472795,0,0,0,0,0.02826804215,0.1934710039
1.43,0,0.2434779906,0.192773456,0.3359066869,0,0,0,0,0.02616297086,0.2016788955
1.435,0,0.2375134022,0.1883904311,0.3405134682,0,0,0,0,0.02635192472,0.2072307737
1.44,0,0.2300997691,0.1841974671,0.345917447,0,0,0,0,0.02771450785,0.2120708089
1.445,0,0.222342862,0.1798114444,0.3515819876,0,0,0,0,0.02915693817,0.2171067679
1.45,0,0.2142171104,0.175217857,0.3575253119,0,0,0,0,0.03068514383,0.2223545768
1.455,0,0.2056944061,0.1704007427,0.3637672926,0,0,0,0,0.03230561984,0.2278319387
1.46,0,0.1967437976,0.1653425064,0.3703296378,0,0,0,0,0.03402549487,0.2335585633
1.465,0,0.1873311427,0.1600237189,0.3772361014,0,0,0,0,0.03585260727,0.2395564297
1.47,0,0.1822106216,0.1566748788,0.3807618432,0,0,0,0,0.03787870298,0.2424739534
1.475,0,0.1784987803,0.1539314128,0.3831571009,0,0,0,0,0.04007599283,0.2443367132
1.48,0,0.1745526999,0.1510147583,0.3857021623,0,0,0,0,0.0424315465,0.2462988331
1.485,0,0.1703486517,0.1479072432,0.3884093084,0,0,0,0,0.04496069104,0.2483741057
1.49,0,0.1658597564,0.1445888379,0.3912921952,0,0,0,0,0.04768071423,0.2505784962
1.495,0,0.1610554737,0.1410367731,0.3943660769,0,0,0,0,0.05061118363,0.2529304926
1.5,0,0.155900991,0.1372250826,0.3976480797,0,0,0,0,0.05377433066,0.255451516
1.505,0,0.1564065966,0.1336289716,0.3978414469,0,0,0,0,0.0577331421,0.2543898428
1.51,0,0.1569534714,0.1296717794,0.3980322718,0,0,0,0,0.06210506095,0.2532374164
1.515,0,0.1575462499,0.1252969215,0.3982159187,0,0,0,0,0.06695291231,0.2519879976
1.52,0,0.1581904925,0.1204358353,0.3983866434,0,0,0,0,0.07235276637,0.2506342624
1.525,0,0.1588929659,0.1150046728,0.3985373442,0,0,0,0,0.07839762738,0.2491673898
1.53,0,0.1596620272,0.1088998219,0.398659234,0,0,0,0,0.08520243208,0.2475764849
1.535,0,0.1597872911,0.1043432147,0.3985424014,0,0,0,0,0.08864475241,0.2486823404
1.54,0,0.1589287827,0.1030523051,0.3981104024,0,0,0,0,0.08632399649,0.2535845133
1.545,0,0.1581284858,0.1018681563,0.397662686,0,0,0,0,0.08424185852,0.2580988133
1.55,0,0.1573774797,0.1007759679,0.3971980082,0,0,0,0,0.08236658824,0.262281956
1.555,0,0.1566685218,0.09976354987,0.396715767,0,0,0,0,0.08067187762,0.2661802837
1.56,0,0.1559957284,0.09882080389,0.3962159302,0,0,0,0,0.07913576142,0.2698317761
1.565,0,0.1553543255,0.09793932312,0.3956989702,0,0,0,0,0.07773977379,0.2732676074
1.57,0,0.1547404513,0.09711207987,0.3951658013,0,0,0,0,0.07646829339,0.2765133742
1.575,0,0.154150997,0.09633317809,0.3946177181,0,0,0,0,0.07530802912,0.2795900776
1.58,0,0.153583476,0.09559765498,0.394056334,0,0,0,0,0.07424761194,0.2825149231
1.585,0,0.1527691211,0.09567695314,0.3943931063,0,0,0,0,0.0781527497,0.2790080698
1.59,0,0.1517782742,0.09600556863,0.39500201,0,0,0,0,0.08400656895,0.2732075782
1.595,0,0.1506586576,0.09635544573,0.395618495,0,0,0,0,0.09050794047,0.2668594613
1.6,0,0.1493896289,0.09673050608,0.3962454892,0,0,0,0,0.09776466665,0.2598697091
1.605,0,0.1479458906,0.09713571247,0.396887104,0,0,0,0,0.1059099579,0.2521213351
1.61,0,0.1462960044,0.09757737977,0.3975489404,0,0,0,0,0.115110386,0.2434672894
1.615,0,0.1444003088,0.09806360821,0.3982385104,0,0,0,0,0.1255770206,0.233720552
1.62,0,0.1422079409,0.09860490113,0.3989658327,0,0,0,0,0.1375813402,0.2226399852
1.625,0,0.1396524821,0.09921506753,0.399744301,0,0,0,0,0.1514784924,0.209909657
1.63,0,0.1366454244,0.09991257617,0.4005919883,0,0,0,0,0.1677421936,0.1951078175
1.635,0,0.1330660722,0.1007226501,0.401533666,0,0,0,0,0.1870186829,0.1776589287
1.64,0,0.1287453814,0.1016806211,0.4026040442,0,0,0,0,0.2102130845,0.1567568689
1.645,0,0.12529706,0.1024833296,0.4047820002,0,0,0,0,0.2345417941,0.1328958161
1.65,0,0.1246277527,0.1027628136,0.4089492848,0,0,0,0,0.255532477,0.1081276718
