channel_id,mass_gev,sigma_nb,uncertainty_nb,source_id
ddbar,3.730000,0.09,0.12040032,BaBar:2007:DDbar:HEPData18803
ddbar,3.750000,2.45,0.48511236,BaBar:2007:DDbar:HEPData18803
ddbar,3.770000,7.03,0.9145504,BaBar:2007:DDbar:HEPData18803
ddbar,3.790000,2.71,0.50490852,BaBar:2007:DDbar:HEPData18803
ddbar,3.810000,0.28,0.17949159,BaBar:2007:DDbar:HEPData18803
ddbar,3.830000,0.64,0.2400554,BaBar:2007:DDbar:HEPData18803
ddbar,3.850000,0.86,0.31444351,BaBar:2007:DDbar:HEPData18803
ddbar,3.870000,0.84,0.29176437,BaBar:2007:DDbar:HEPData18803
ddbar,3.890000,1.14,0.28960049,BaBar:2007:DDbar:HEPData18803
ddbar,3.910000,1.05,0.30227314,BaBar:2007:DDbar:HEPData18803
ddbar,3.930000,0.69,0.22782062,BaBar:2007:DDbar:HEPData18803
ddbar,3.950000,1.04,0.27671632,BaBar:2007:DDbar:HEPData18803
ddbar,3.970000,0.63,0.22398668,BaBar:2007:DDbar:HEPData18803
ddbar,3.990000,0.14,0.11105344,BaBar:2007:DDbar:HEPData18803
ddbar,4.010000,0.08,0.11416364,BaBar:2007:DDbar:HEPData18803
ddbar,4.030000,0.68,0.21419753,BaBar:2007:DDbar:HEPData18803
ddbar,4.050000,0.67,0.21811628,BaBar:2007:DDbar:HEPData18803
ddbar,4.070000,1.06,0.26168279,BaBar:2007:DDbar:HEPData18803
ddbar,4.090000,0.73,0.23525221,BaBar:2007:DDbar:HEPData18803
ddbar,4.110000,0.64,0.21077085,BaBar:2007:DDbar:HEPData18803
ddbar,4.130000,0.65,0.22935456,BaBar:2007:DDbar:HEPData18803
ddbar,4.150000,0.31,0.13880267,BaBar:2007:DDbar:HEPData18803
ddbar,4.170000,0.35,0.15974461,BaBar:2007:DDbar:HEPData18803
ddbar,4.190000,0.64,0.19724909,BaBar:2007:DDbar:HEPData18803
ddbar,4.210000,0.26,0.12999561,BaBar:2007:DDbar:HEPData18803
ddbar,4.230000,0.31,0.15397451,BaBar:2007:DDbar:HEPData18803
ddbar,4.250000,0.36,0.15989557,BaBar:2007:DDbar:HEPData18803
ddbar,4.270000,0.06,0.070304848,BaBar:2007:DDbar:HEPData18803
ddbar,4.290000,0.12,0.092554801,BaBar:2007:DDbar:HEPData18803
ddbar,4.310000,0.06,0.060355378,BaBar:2007:DDbar:HEPData18803
ddbar,4.330000,0.19,0.092352066,BaBar:2007:DDbar:HEPData18803
ddbar,4.350000,0.25,0.11598501,BaBar:2007:DDbar:HEPData18803
ddbar,4.370000,0.01,0.040014848,BaBar:2007:DDbar:HEPData18803
ddbar,4.390000,0.3,0.13184712,BaBar:2007:DDbar:HEPData18803
ddbar,4.410000,0.16,0.10350598,BaBar:2007:DDbar:HEPData18803
ddbar,4.430000,0.47,0.15331803,BaBar:2007:DDbar:HEPData18803
ddbar,4.450000,0.39,0.1412276,BaBar:2007:DDbar:HEPData18803
ddbar,4.470000,0.4,0.13754315,BaBar:2007:DDbar:HEPData18803
ddbar,4.490000,0.37,0.14099626,BaBar:2007:DDbar:HEPData18803
ddbar,4.510000,0.09,0.060796678,BaBar:2007:DDbar:HEPData18803
ddbar,4.530000,0.25,0.11774633,BaBar:2007:DDbar:HEPData18803
ddbar,4.550000,0.21,0.093917816,BaBar:2007:DDbar:HEPData18803
ddbar,4.570000,0.05,0.060136532,BaBar:2007:DDbar:HEPData18803
ddbar,4.590000,0.14,0.071502717,BaBar:2007:DDbar:HEPData18803
ddbar,4.610000,0.23,0.10132324,BaBar:2007:DDbar:HEPData18803
ddbar,4.630000,0.16,0.086650918,BaBar:2007:DDbar:HEPData18803
ddbar,4.650000,0.09,0.050953274,BaBar:2007:DDbar:HEPData18803
ddbar,4.670000,0.08,0.050754688,BaBar:2007:DDbar:HEPData18803
ddbar,4.690000,0.21,0.087231704,BaBar:2007:DDbar:HEPData18803
ddbar,4.710000,0.08,0.050754688,BaBar:2007:DDbar:HEPData18803
ddbar,4.730000,0.08,0.050754688,BaBar:2007:DDbar:HEPData18803
ddbar,4.750000,0.14,0.071619185,BaBar:2007:DDbar:HEPData18803
ddbar,4.790000,0.1,0.064445863,BaBar:2007:DDbar:HEPData18803
ddbar,4.810000,0.1,0.064445863,BaBar:2007:DDbar:HEPData18803
ddbar,4.830000,0.17,0.07300125,BaBar:2007:DDbar:HEPData18803
ddbar,4.850000,0.1,0.057037437,BaBar:2007:DDbar:HEPData18803
ddbar,4.870000,0.06,0.050152268,BaBar:2007:DDbar:HEPData18803
ddbar,4.890000,0.1,0.06742954,BaBar:2007:DDbar:HEPData18803
ddbar,4.910000,0.12,0.067535176,BaBar:2007:DDbar:HEPData18803
ddbar,4.930000,0.14,0.072696369,BaBar:2007:DDbar:HEPData18803
ddbar,4.950000,0.14,0.052276836,BaBar:2007:DDbar:HEPData18803
ddbar,4.970000,0.12,0.051682554,BaBar:2007:DDbar:HEPData18803
ddbar,4.990000,0.06,0.044891536,BaBar:2007:DDbar:HEPData18803
dsstar_pair,4.226260,0.0327,0.0085158675,BESIII:2023:DsstarPair:2305.10789
dsstar_pair,4.228000,0.084,0.024758837,BESIII:2023:DsstarPair:2305.10789
dsstar_pair,4.233000,0.272,0.04327817,BESIII:2023:DsstarPair:2305.10789
dsstar_pair,4.235700,0.3219,0.026248809,BESIII:2023:DsstarPair:2305.10789
dsstar_pair,4.238000,0.381,0.047634021,BESIII:2023:DsstarPair:2305.10789
dsstar_pair,4.241000,0.479,0.051400389,BESIII:2023:DsstarPair:2305.10789
dsstar_pair,4.241660,0.478,0.035846897,BESIII:2023:DsstarPair:2305.10789
dsstar_pair,4.243000,0.408,0.046872167,BESIII:2023:DsstarPair:2305.10789
dsstar_pair,4.243800,0.503,0.034539832,BESIII:2023:DsstarPair:2305.10789
dsstar_pair,4.246000,0.468,0.050803543,BESIII:2023:DsstarPair:2305.10789
dsstar_pair,4.248000,0.594,0.059665736,BESIII:2023:DsstarPair:2305.10789
dsstar_pair,4.253000,0.434,0.052153619,BESIII:2023:DsstarPair:2305.10789
dsstar_pair,4.257970,0.554,0.037696154,BESIII:2023:DsstarPair:2305.10789
dsstar_pair,4.258000,0.48,0.055470713,BESIII:2023:DsstarPair:2305.10789
dsstar_pair,4.263000,0.553,0.065192024,BESIII:2023:DsstarPair:2305.10789
dsstar_pair,4.266800,0.537,0.037576588,BESIII:2023:DsstarPair:2305.10789
dsstar_pair,4.268000,0.496,0.088955045,BESIII:2023:DsstarPair:2305.10789
dsstar_pair,4.273000,0.455,0.08228001,BESIII:2023:DsstarPair:2305.10789
dsstar_pair,4.277700,0.472,0.034481879,BESIII:2023:DsstarPair:2305.10789
dsstar_pair,4.278000,0.462,0.060033324,BESIII:2023:DsstarPair:2305.10789
dsstar_pair,4.283000,0.417,0.059481089,BESIII:2023:DsstarPair:2305.10789
dsstar_pair,4.287880,0.401,0.029068884,BESIII:2023:DsstarPair:2305.10789
dsstar_pair,4.288000,0.524,0.066370174,BESIII:2023:DsstarPair:2305.10789
dsstar_pair,4.298000,0.38,0.059093147,BESIII:2023:DsstarPair:2305.10789
dsstar_pair,4.307890,0.231,0.031112698,BESIII:2023:DsstarPair:2305.10789
dsstar_pair,4.308000,0.182,0.048104054,BESIII:2023:DsstarPair:2305.10789
dsstar_pair,4.312050,0.1918,0.020035968,BESIII:2023:DsstarPair:2305.10789
dsstar_pair,4.318000,0.0518,0.038327536,BESIII:2023:DsstarPair:2305.10789
dsstar_pair,4.328000,0.0861,0.051670978,BESIII:2023:DsstarPair:2305.10789
dsstar_pair,4.337390,0.0411,0.0079259069,BESIII:2023:DsstarPair:2305.10789
dsstar_pair,4.338000,0.0289,0.048081597,BESIII:2023:DsstarPair:2305.10789
dsstar_pair,4.348000,0.0577,0.07819367,BESIII:2023:DsstarPair:2305.10789
dsstar_pair,4.358000,0.0587,0.088178002,BESIII:2023:DsstarPair:2305.10789
dsstar_pair,4.358260,0.0221,0.0099247166,BESIII:2023:DsstarPair:2305.10789
dsstar_pair,4.368000,0.0545,0.061221238,BESIII:2023:DsstarPair:2305.10789
dsstar_pair,4.377370,0.0763,0.0099085821,BESIII:2023:DsstarPair:2305.10789
dsstar_pair,4.378000,0.0255,0.044065406,BESIII:2023:DsstarPair:2305.10789
dsstar_pair,4.387400,0.132,0.022203603,BESIII:2023:DsstarPair:2305.10789
dsstar_pair,4.388000,0.179,0.05186521,BESIII:2023:DsstarPair:2305.10789
dsstar_pair,4.393000,0.185,0.051264022,BESIII:2023:DsstarPair:2305.10789
dsstar_pair,4.396450,0.1785,0.018580904,BESIII:2023:DsstarPair:2305.10789
dsstar_pair,4.398000,0.224,0.054230987,BESIII:2023:DsstarPair:2305.10789
dsstar_pair,4.408000,0.235,0.060876925,BESIII:2023:DsstarPair:2305.10789
dsstar_pair,4.415580,0.3017,0.021023796,BESIII:2023:DsstarPair:2305.10789
dsstar_pair,4.418000,0.399,0.060835845,BESIII:2023:DsstarPair:2305.10789
dsstar_pair,4.423000,0.287,0.055973208,BESIII:2023:DsstarPair:2305.10789
dsstar_pair,4.428000,0.329,0.062625873,BESIII:2023:DsstarPair:2305.10789
dsstar_pair,4.436240,0.365,0.025942244,BESIII:2023:DsstarPair:2305.10789
dsstar_pair,4.438000,0.418,0.06670832,BESIII:2023:DsstarPair:2305.10789
dsstar_pair,4.448000,0.342,0.058309519,BESIII:2023:DsstarPair:2305.10789
dsstar_pair,4.458000,0.319,0.055713553,BESIII:2023:DsstarPair:2305.10789
dsstar_pair,4.467060,0.285,0.024083189,BESIII:2023:DsstarPair:2305.10789
dsstar_pair,4.478000,0.1334,0.043832066,BESIII:2023:DsstarPair:2305.10789
dsstar_pair,4.498000,0.183,0.054341513,BESIII:2023:DsstarPair:2305.10789
dsstar_pair,4.518000,0.0942,0.047381431,BESIII:2023:DsstarPair:2305.10789
dsstar_pair,4.527140,0.1243,0.015264338,BESIII:2023:DsstarPair:2305.10789
dsstar_pair,4.538000,0.1612,0.047074409,BESIII:2023:DsstarPair:2305.10789
dsstar_pair,4.548000,0.1549,0.048031344,BESIII:2023:DsstarPair:2305.10789
dsstar_pair,4.558000,0.118,0.047610503,BESIII:2023:DsstarPair:2305.10789
dsstar_pair,4.568000,0.1623,0.050009999,BESIII:2023:DsstarPair:2305.10789
dsstar_pair,4.574500,0.1248,0.020615528,BESIII:2023:DsstarPair:2305.10789
dsstar_pair,4.578000,0.1053,0.042531047,BESIII:2023:DsstarPair:2305.10789
dsstar_pair,4.588000,0.1416,0.050821354,BESIII:2023:DsstarPair:2305.10789
dsstar_pair,4.599530,0.1355,0.011292918,BESIII:2023:DsstarPair:2305.10789
dsstar_pair,4.611860,0.1289,0.015423683,BESIII:2023:DsstarPair:2305.10789
dsstar_pair,4.628000,0.1248,0.010564563,BESIII:2023:DsstarPair:2305.10789
dsstar_pair,4.640910,0.1118,0.0095671312,BESIII:2023:DsstarPair:2305.10789
dsstar_pair,4.661240,0.1164,0.0098595132,BESIII:2023:DsstarPair:2305.10789
dsstar_pair,4.681920,0.1277,0.0096041658,BESIII:2023:DsstarPair:2305.10789
dsstar_pair,4.698820,0.1444,0.011682465,BESIII:2023:DsstarPair:2305.10789
dsstar_pair,4.739700,0.1442,0.01358823,BESIII:2023:DsstarPair:2305.10789
dsstar_pair,4.750050,0.145,0.012073939,BESIII:2023:DsstarPair:2305.10789
dsstar_pair,4.780540,0.1154,0.0097836598,BESIII:2023:DsstarPair:2305.10789
dsstar_pair,4.843070,0.0902,0.0089810912,BESIII:2023:DsstarPair:2305.10789
dsstar_pair,4.918020,0.1078,0.010489042,BESIII:2023:DsstarPair:2305.10789
dsstar_pair,4.950930,0.0883,0.0099864909,BESIII:2023:DsstarPair:2305.10789
dstar_charged_pair,4.085400,2.949,0.259,BESIII:2022:DstarPair:2112.06477
dstar_charged_pair,4.128500,3.158,0.178,BESIII:2022:DstarPair:2112.06477
dstar_charged_pair,4.157400,3.106,0.17,BESIII:2022:DstarPair:2112.06477
dstar_charged_pair,4.178000,2.662,0.126,BESIII:2022:DstarPair:2112.06477
dstar_charged_pair,4.188600,2.448,0.126,BESIII:2022:DstarPair:2112.06477
dstar_charged_pair,4.198900,2.061,0.107,BESIII:2022:DstarPair:2112.06477
dstar_charged_pair,4.209200,1.638,0.092,BESIII:2022:DstarPair:2112.06477
dstar_charged_pair,4.217100,1.15,0.062,BESIII:2022:DstarPair:2112.06477
dstar_charged_pair,4.226300,0.696,0.036,BESIII:2022:DstarPair:2112.06477
dstar_charged_pair,4.235700,0.327,0.023,BESIII:2022:DstarPair:2112.06477
dstar_charged_pair,4.243800,0.245,0.019,BESIII:2022:DstarPair:2112.06477
dstar_charged_pair,4.258000,0.252,0.017,BESIII:2022:DstarPair:2112.06477
dstar_charged_pair,4.266800,0.308,0.02,BESIII:2022:DstarPair:2112.06477
dstar_charged_pair,4.277700,0.357,0.03,BESIII:2022:DstarPair:2112.06477
dstar_charged_pair,4.287900,0.454,0.029,BESIII:2022:DstarPair:2112.06477
dstar_charged_pair,4.307900,0.596,0.068,BESIII:2022:DstarPair:2112.06477
dstar_charged_pair,4.312100,0.651,0.037,BESIII:2022:DstarPair:2112.06477
dstar_charged_pair,4.337400,0.861,0.048,BESIII:2022:DstarPair:2112.06477
dstar_charged_pair,4.358300,0.945,0.05,BESIII:2022:DstarPair:2112.06477
dstar_charged_pair,4.377400,0.973,0.054,BESIII:2022:DstarPair:2112.06477
dstar_charged_pair,4.387400,0.969,0.076,BESIII:2022:DstarPair:2112.06477
dstar_charged_pair,4.396400,0.956,0.052,BESIII:2022:DstarPair:2112.06477
dstar_charged_pair,4.415600,0.839,0.042,BESIII:2022:DstarPair:2112.06477
dstar_charged_pair,4.436200,0.721,0.039,BESIII:2022:DstarPair:2112.06477
dstar_charged_pair,4.467100,0.464,0.035,BESIII:2022:DstarPair:2112.06477
dstar_charged_pair,4.527100,0.41,0.034,BESIII:2022:DstarPair:2112.06477
dstar_charged_pair,4.574500,0.469,0.047,BESIII:2022:DstarPair:2112.06477
dstar_charged_pair,4.599500,0.377,0.021,BESIII:2022:DstarPair:2112.06477
dstar_d_charged_cc,4.085400,1.785,0.084,BESIII:2022:DstarD:2112.06477
dstar_d_charged_cc,4.128500,1.303,0.038,BESIII:2022:DstarD:2112.06477
dstar_d_charged_cc,4.157400,1.217,0.037,BESIII:2022:DstarD:2112.06477
dstar_d_charged_cc,4.178000,1.052,0.027,BESIII:2022:DstarD:2112.06477
dstar_d_charged_cc,4.188600,0.947,0.026,BESIII:2022:DstarD:2112.06477
dstar_d_charged_cc,4.198900,0.923,0.026,BESIII:2022:DstarD:2112.06477
dstar_d_charged_cc,4.209200,0.808,0.023,BESIII:2022:DstarD:2112.06477
dstar_d_charged_cc,4.217100,0.781,0.022,BESIII:2022:DstarD:2112.06477
dstar_d_charged_cc,4.226300,0.684,0.018,BESIII:2022:DstarD:2112.06477
dstar_d_charged_cc,4.235700,0.738,0.021,BESIII:2022:DstarD:2112.06477
dstar_d_charged_cc,4.243800,0.715,0.021,BESIII:2022:DstarD:2112.06477
dstar_d_charged_cc,4.258000,0.738,0.02,BESIII:2022:DstarD:2112.06477
dstar_d_charged_cc,4.266800,0.793,0.022,BESIII:2022:DstarD:2112.06477
dstar_d_charged_cc,4.277700,0.835,0.029,BESIII:2022:DstarD:2112.06477
dstar_d_charged_cc,4.287900,0.778,0.022,BESIII:2022:DstarD:2112.06477
dstar_d_charged_cc,4.307900,0.688,0.037,BESIII:2022:DstarD:2112.06477
dstar_d_charged_cc,4.312100,0.694,0.02,BESIII:2022:DstarD:2112.06477
dstar_d_charged_cc,4.337400,0.699,0.02,BESIII:2022:DstarD:2112.06477
dstar_d_charged_cc,4.358300,0.685,0.019,BESIII:2022:DstarD:2112.06477
dstar_d_charged_cc,4.377400,0.692,0.019,BESIII:2022:DstarD:2112.06477
dstar_d_charged_cc,4.387400,0.695,0.032,BESIII:2022:DstarD:2112.06477
dstar_d_charged_cc,4.396400,0.693,0.02,BESIII:2022:DstarD:2112.06477
dstar_d_charged_cc,4.415600,0.677,0.017,BESIII:2022:DstarD:2112.06477
dstar_d_charged_cc,4.436200,0.69,0.019,BESIII:2022:DstarD:2112.06477
dstar_d_charged_cc,4.467100,0.661,0.024,BESIII:2022:DstarD:2112.06477
dstar_d_charged_cc,4.527100,0.579,0.022,BESIII:2022:DstarD:2112.06477
dstar_d_charged_cc,4.574500,0.418,0.025,BESIII:2022:DstarD:2112.06477
dstar_d_charged_cc,4.599500,0.451,0.013,BESIII:2022:DstarD:2112.06477
lambdac_pair,4.574500,0.241,0.046840154,BESIII:2023:LambdaCPair:2307.07316
lambdac_pair,4.580000,0.191,0.024041631,BESIII:2023:LambdaCPair:2307.07316
lambdac_pair,4.590000,0.237,0.026570661,BESIII:2023:LambdaCPair:2307.07316
lambdac_pair,4.599500,0.2158,0.0078549348,BESIII:2023:LambdaCPair:2307.07316
lambdac_pair,4.611900,0.2084,0.0098290386,BESIII:2023:LambdaCPair:2307.07316
lambdac_pair,4.628000,0.2064,0.0075643903,BESIII:2023:LambdaCPair:2307.07316
lambdac_pair,4.640900,0.2051,0.0075239617,BESIII:2023:LambdaCPair:2307.07316
lambdac_pair,4.661200,0.2003,0.0073925638,BESIII:2023:LambdaCPair:2307.07316
lambdac_pair,4.681900,0.1881,0.0065,BESIII:2023:LambdaCPair:2307.07316
lambdac_pair,4.698800,0.1723,0.0065795137,BESIII:2023:LambdaCPair:2307.07316
lambdac_pair,4.739700,0.1235,0.0065299311,BESIII:2023:LambdaCPair:2307.07316
lambdac_pair,4.750000,0.1285,0.0052153619,BESIII:2023:LambdaCPair:2307.07316
lambdac_pair,4.780500,0.124,0.0048373546,BESIII:2023:LambdaCPair:2307.07316
lambdac_pair,4.843100,0.0848,0.003522783,BESIII:2023:LambdaCPair:2307.07316
lambdac_pair,4.918000,0.0981,0.0048104054,BESIII:2023:LambdaCPair:2307.07316
lambdac_pair,4.950900,0.0896,0.0047507894,BESIII:2023:LambdaCPair:2307.07316
pipi_dd_charged,4.188590,0.0001,0.0009,BESIII:2022:PiPiDD:2208.00099
pipi_dd_charged,4.199150,0.0002,0.001,BESIII:2022:PiPiDD:2208.00099
pipi_dd_charged,4.207730,0.0003,0.0010049876,BESIII:2022:PiPiDD:2208.00099
pipi_dd_charged,4.217130,0.0007,0.00090553851,BESIII:2022:PiPiDD:2208.00099
pipi_dd_charged,4.225540,0.0034,0.00085440037,BESIII:2022:PiPiDD:2208.00099
pipi_dd_charged,4.235770,0.0026,0.0010198039,BESIII:2022:PiPiDD:2208.00099
pipi_dd_charged,4.241660,0.004,0.0037121422,BESIII:2022:PiPiDD:2208.00099
pipi_dd_charged,4.243970,0.0061,0.0014764823,BESIII:2022:PiPiDD:2208.00099
pipi_dd_charged,4.258000,0.0056,0.0012083046,BESIII:2022:PiPiDD:2208.00099
pipi_dd_charged,4.266810,0.0043,0.0012649111,BESIII:2022:PiPiDD:2208.00099
pipi_dd_charged,4.277780,0.0042,0.002433105,BESIII:2022:PiPiDD:2208.00099
pipi_dd_charged,4.288430,0.0086,0.0017464249,BESIII:2022:PiPiDD:2208.00099
pipi_dd_charged,4.307890,0.0171,0.0057008771,BESIII:2022:PiPiDD:2208.00099
pipi_dd_charged,4.312680,0.0154,0.0023021729,BESIII:2022:PiPiDD:2208.00099
pipi_dd_charged,4.337930,0.0369,0.0039824616,BESIII:2022:PiPiDD:2208.00099
pipi_dd_charged,4.358260,0.0482,0.0048548944,BESIII:2022:PiPiDD:2208.00099
pipi_dd_charged,4.377880,0.0616,0.0063245553,BESIII:2022:PiPiDD:2208.00099
pipi_dd_charged,4.387400,0.0462,0.009625487,BESIII:2022:PiPiDD:2208.00099
pipi_dd_charged,4.396830,0.0619,0.0062681736,BESIII:2022:PiPiDD:2208.00099
pipi_dd_charged,4.415940,0.0677,0.0063560994,BESIII:2022:PiPiDD:2208.00099
pipi_dd_charged,4.437590,0.0651,0.0070724819,BESIII:2022:PiPiDD:2208.00099
pipi_dd_charged,4.467060,0.036,0.0087206651,BESIII:2022:PiPiDD:2208.00099
pipi_dd_charged,4.527140,0.0304,0.0091416629,BESIII:2022:PiPiDD:2208.00099
pipi_dd_charged,4.574500,0.0155,0.0099984999,BESIII:2022:PiPiDD:2208.00099
pipi_dd_charged,4.599530,0.0312,0.0041773197,BESIII:2022:PiPiDD:2208.00099
pipi_dd_charged,4.611860,0.0273,0.0084202138,BESIII:2022:PiPiDD:2208.00099
pipi_dd_charged,4.628000,0.0337,0.0052697249,BESIII:2022:PiPiDD:2208.00099
pipi_dd_charged,4.640910,0.0322,0.0048010416,BESIII:2022:PiPiDD:2208.00099
pipi_dd_charged,4.661240,0.0381,0.0057201399,BESIII:2022:PiPiDD:2208.00099
pipi_dd_charged,4.681920,0.0337,0.0036235342,BESIII:2022:PiPiDD:2208.00099
pipi_dd_charged,4.698820,0.0457,0.0057280014,BESIII:2022:PiPiDD:2208.00099
pipi_dd_charged,4.739700,0.0398,0.00733553,BESIII:2022:PiPiDD:2208.00099
pipi_dd_charged,4.750050,0.0432,0.0058898217,BESIII:2022:PiPiDD:2208.00099
pipi_dd_charged,4.780540,0.0396,0.0054203321,BESIII:2022:PiPiDD:2208.00099
pipi_dd_charged,4.843070,0.0434,0.0058258047,BESIII:2022:PiPiDD:2208.00099
pipi_dd_charged,4.918020,0.0486,0.0089470666,BESIII:2022:PiPiDD:2208.00099
pipi_dd_charged,4.950930,0.0294,0.0085726309,BESIII:2022:PiPiDD:2208.00099
